<?xml version="1.0" encoding="UTF-8"?>
<project-private xmlns="http://www.netbeans.org/ns/project-private/1">
    <editor-bookmarks xmlns="http://www.netbeans.org/ns/editor-bookmarks/2" lastBookmarkId="0"/>
    <open-files xmlns="http://www.netbeans.org/ns/projectui-open-files/2">
        <group>
            <file>file:/C:/Users/ASUS/Desktop/Hallreuse%20Management/HallreuseManagement/src/Adddmin.java</file>
            <file>file:/C:/Users/ASUS/Desktop/Hallreuse%20Management/HallreuseManagement/src/ProductImageDisplay.java</file>
            <file>file:/C:/Users/ASUS/Desktop/Hallreuse%20Management/HallreuseManagement/src/Multi2.java</file>
            <file>file:/C:/Users/ASUS/Desktop/Hallreuse%20Management/HallreuseManagement/src/Multi22.java</file>
            <file>file:/C:/Users/ASUS/Desktop/Hallreuse%20Management/HallreuseManagement/src/NewClass.java</file>
            <file>file:/C:/Users/ASUS/Desktop/Hallreuse%20Management/HallreuseManagement/src/Bill.java</file>
            <file>file:/C:/Users/ASUS/Desktop/Hallreuse%20Management/HallreuseManagement/src/Order.java</file>
        </group>
    </open-files>
</project-private>
